CN,FIELD_ID,FIELD_TAG_NUMBER,STATECD,COUNTYCD,FIADBPLOT,SUBP,TREE,SPCD,DIA,MEAS_YEAR,LAT_FUZZED,LON_FUZZED,MEASMON,MEASDAY,MEASYEAR,ELEV,MOUNT_NOTES,OUTER_YEAR,RTP,DTP,CALC_RAD,RAD,PITH,RINGCOUNT,METHOD,crossdated,CRN,R,VERIFY,REVISIT,CD_NOTES,INITIALS,DATE
17T16,8516,929,41,1,91729,1,302,202,26.6,2017,45.01349,-117.164,8,24,2017,5900,,2017,,,,,n,156,skippy,y,id029,0.2,n,y,cannot estimate dtp rings hard to visuazlize near center ,,
19T106,7759,400,41,1,53005,3,527,202,10.6,2019,44.76273,-118.262,7,23,2019,5100,,2018,3,6.3,y,113.5993,n,78,skippy,y,id036,0.28,y,n,,CIM,
19T107,8316,770,41,1,66620,1,518,202,6.7,2019,44.98564,-118.116,5,30,2019,4500,,2018,1,2.8,,,n,26,scan,,,,,,,,
19T108,7855,404,41,1,83747,3,506,202,22.1,2019,44.75442,-117.926,5,9,2019,4700,,2018,,,,,n,112,scan,y,id036,0.44,y,n,"very distorted rigns at the end of the sample, cannot estimate pith location, cannot estimate dtp because there is a major intrusion and hard to see rings near pith",,
21T75,7037,718,41,1,62549,3,130,202,6.1,2021,44.45365,-117.645,6,8,2021,4900,,2020,,,,,y,20,scan,,,,,,,,
21T76,8513,543,41,1,66490,3,119,202,21.3,2021,44.9961,-117.377,9,14,2021,4500,,2021,,,,,y,104,scan,y,id036,0.38,y,n,major intrusion and hard to see rings near the pith,CIM,
18T37,6872,795,41,3,54604,1,3,202,23.8,2018,44.57127,-123.369,10,15,2018,700,,2018,1,6.2,y,200.37425,n,61,scan,y,id036,0.26,y,n,,,
18T38,7234,799,41,3,64719,3,320,202,13.3,2018,44.66595,-123.37,10,17,2018,1300,,,,,,,,,,,,,,,,,
18T39,6689,135,41,3,71229,1,311,202,7,2018,44.4494,-123.48,10,11,2018,1300,,,,,,,,,,,,,,,,,
18T40,6219,957,41,3,72239,4,339,202,13.9,2018,44.31912,-123.436,4,23,2018,1100,,2017,2,18.5,y,124.40073,n,36,scan,n,central_or_cascades,0.03,n,y,not crossdating,,
18T41,6311,859,41,3,82938,2,332,202,21.2,2018,44.3306,-123.633,5,30,2018,900,,2017,1,8.2,y,214.8205,n,43,scan,y,central_or_cascades,0.21,y,n,low but correct,,
19T109,6597,971,41,3,56306,2,514,202,32.9,2019,44.41822,-123.443,4,15,2019,1300,,2018,,,,,n,85,scan,y,central_or_cascades,0.38,y,n,not enough curvature in rings to estimate dtp,,
19T110,6407,907,41,3,60765,1,519,202,30.9,2019,44.36601,-123.572,4,25,2019,300,,2016,,,,,n,45,scan,y,or116,0.14,y,n,"not enough curvature in rings to estimate dtp, low but correct",,
19T111,6960,848,41,3,67697,4,1,202,21.6,2019,44.58452,-123.463,10,1,2019,700,,2019,4,44.2,y,216.75513,n,42,scan,y,or116,0.4,y,n,,,
20T59,6777,967,41,3,59682,2,2,202,39.2,2020,44.50189,-123.585,10,21,2020,2100,,2020,,,,,n,101,scan,y,or116,0.4,y,n,not enough curvature in rings to estimate dtp,,
20T60,6690,914,41,3,65152,3,114,202,34.6,2020,44.4703,-123.431,9,24,2020,1100,,2020,,,,,n,58,scan,y,central_or_cascades,0.32,y,n,not enough curvature in rings to estimate dtp,,
20T61,7235,955,41,3,98258,2,114,202,21.9,2020,44.66186,-123.299,9,29,2020,700,,2020,,,,,,,skippy,,,,,,revisit,,
20T62,6312,217,41,3,99140,2,6,202,49.3,2020,44.31215,-123.571,6,30,2020,900,,2019,,,,,n,95,scan,y,central_or_cascades,0.41,y,n,not enough curvature in rings to estimate dtp,,
21T77,6408,653,41,3,58267,1,121,202,32.4,2021,44.36699,-123.503,4,8,2021,1300,,2020,,,,,n,57,scan,y,central_or_cascades,0.2,y,n,not enough curvature in rings to estimate dtp,,
21T78,6500,914,41,3,75390,3,144,202,5.6,2021,44.37896,-123.7,8,18,2021,700,,,,,,,,,,,,,,,,,
21T79,6220,782,41,3,78041,1,134,202,5.8,2021,44.318613,-123.369,11,15,2021,700,,,,,,,,,,,,,,,,,
21T80,6961,703,41,3,88586,1,102,202,19.2,2021,44.604484,-123.367,6,1,2021,1500,,2020,,,,,n,51,scan,y,central_or_cascades,0.47,y,n,not enough curvature in rings to estimate dtp,,
18T42,8164,746,41,5,57160,2,10,202,15.3,2018,45.02809,-122.567,7,19,2018,1500,,,,,,,,,,,,,,,,,
18T43,8636,572,41,5,64549,2,327,202,12.1,2018,45.20228,-122.273,5,23,2018,1500,,2016,1,6.4,y,125.55537,n,36,scan,,,,,,,,
18T44,9105,452,41,5,73317,1,300,202,28.5,2018,45.20584,-122.541,3,26,2018,300,,2017,5,56.6,y,245.19731,n,47,scan,y,northern_or_cascades,0.39,y,n,low but correct,,
18T45,9105,452,41,5,73317,1,300,202,28.5,2018,45.20584,-122.541,3,26,2018,300,,,,,,,,,,,,,,,,,
18T46,8820,606,41,5,78675,2,305,202,15.4,2018,45.30355,-122.473,4,16,2018,500,,2016,2,12.7,y,176.05375,n,40,scan,y,central_or_cascades,0.18,y,n,"low correlation, hard to xdate",,
18T47,8640,680,41,5,94593,4,329,202,25.5,2018,45.20818,-121.92,8,9,2018,4100,,2017,,,,,n,71,skippy,y,,,n,y,"cannot estimate dtp, major intrusion near center of core and strange anomaly in1995 , hard to visualize and dating might not be correct",,
19T112,8071,16,41,5,58380,2,507,202,41.5,2019,45.01003,-122.545,3,26,2019,1300,,,,,,,,,,,,,,,,,
19T113,8448,258,41,5,60366,2,514,202,10,2019,45.11919,-122.369,7,1,2019,1900,,,,,,,,,,,,,,,,,
19T114,7982,32,41,5,64014,2,547,202,12.6,2019,44.9661,-122.339,7,30,2019,3700,,2018,4,15.8,y,117.06706,n,102,skippy,y,,,,,"growth suppression 1985-1991 ish, missing ring in this suppression; branch intrusion around 1925 but still measured",,
19T115,8168,609,41,5,72129,4,581,202,39.7,2019,45.01279,-122.198,9,3,2019,3700,,2019,,,,,n,638,skippy,y,w023,0.15,n,y,"not all rings measurable because towards end, core is split in many pieces. double check",,
19T116,9291,207,41,5,74773,2,7,202,31.2,2019,45.44719,-122.398,9,6,2019,700,,2019,3,37.4,y,302.26,n,51,,n,,,,,revisit because small section is flipped,,
19T117,8446,925,41,5,80021,2,1,202,40.6,2019,45.15441,-122.537,10,29,2019,300,,,,,,,,,,,,,,,,,
19T118,8453,230,41,5,80796,4,537,202,23.5,2019,45.16017,-122.068,7,24,2019,3500,,,,,,,y,,skippy,,,,,,"best dated to 2016not 2018, explore missing rings. ",,
19T119,9112,845,41,5,94944,1,512,202,15.6,2019,45.35197,-121.913,6,17,2019,3100,,2018,1,9.2,y,144.22709,n,111,skippy,y,,,,,"1973-1988 suppressed growth, low correlation but likely correc",,
20T63,8361,151,41,5,56001,4,12,202,31.7,2020,45.10687,-121.988,7,16,2020,4700,,2019,7,16.5,,,n,216,skippy,n,central_or_cascades,0.1,n,y,"revisist and reimage potenitally, not crossdating or correlating with any chronology",,
20T64,8363,826,41,5,56999,3,1,202,20,2020,45.08388,-121.817,7,27,2020,3700,,2019,5,26.5,,,n,,skippy,y,,,,,"2010 very strange ring, many suppressed periods of growth",,
20T65,8637,592,41,5,60151,3,2,202,22.5,2020,45.206735,-122.196,6,10,2020,1900,,2019,2,34.7,y,239.07,n,67,scan,y,,,,,,,
20T66,8736,824,41,5,60979,1,10,202,14.4,2020,45.25129,-121.845,7,15,2020,4500,,,,,,,,,,,,,,,,,
20T67,9205,4,41,5,74892,2,13,202,29.9,2020,45.39777,-121.843,7,29,2020,2300,,2019,1,1.2,y,,n,348,skippy,y,,,,,"dates okay, best match with 3 chrons dates to 2019, many periods of growth suppression likely due to stand dyanmics or insect outbreak, low correlation but likely correct",,
20T68,8165,411,41,5,90412,4,115,202,15.7,2020,45.03653,-122.495,10,27,2020,700,,,,,,,,,,,,,,,,,
21T81,8642,117,41,5,54961,3,141,202,12.1,2021,45.20624,-121.777,6,3,2021,3900,,2020,1,6.1,y,127.97438,n,115,skippy,y,central_or_cascades,0.42,y,n,missing one ring around 1993 ,,
21T82,8918,415,41,5,55784,3,150,202,18.5,2021,45.309031,-121.987,6,24,2021,2900,,2020,5,29.7,y,136.91658,n,84,scan,y,central_or_cascades,0.32,y,n,"branch, cannot see rings to pith",,
21T83,8729,436,41,5,59644,4,160,202,6.3,2021,45.254537,-122.335,10,5,2021,1100,,,,,,,,,,,,,,,,,
21T84,9198,459,41,5,60634,2,123,202,37.4,2021,45.405644,-122.406,10,4,2021,300,,2021,,,,,n,47,scan,,,,,,not enough curvature in rings to estimate dtp,,
21T85,9014,481,41,5,61091,3,6,202,25.5,2021,45.353232,-122.189,11,15,2021,1500,,2020,,,,,,,,,,,,,,,
21T86,8544,807,41,5,65107,4,121,202,24.6,2021,45.183081,-122.128,9,1,2021,2700,,2019,1,13.4,y,298.93419,n,77,scan,y,,,,,outermost ring broken off,,
21T87,8449,729,41,5,75011,2,115,202,17.1,2021,45.137764,-122.307,6,9,2021,3500,,2020,1,8.9,y,254.53181,n,63,scan,y,,,n,y,"revisit, not crossdating well",,
21T88,7896,504,41,5,77205,1,103,202,27.5,2021,44.912498,-121.920088,6,17,2021,3900,,2020,6,12.7,,,n,205,skippy,y,,,,,"low correlation but likely correct, suppressed growth from 1860-1920",,
21T89,8826,357,41,5,77512,1,1,202,18.3,2021,45.266647,-122.014,7,7,2021,3700,,,,,,,,,,,,,,,no sample found,,
21T90,8447,799,41,5,87480,2,104,202,12.8,2021,45.152685,-122.466,7,15,2021,700,,,,,,,,,,,,,,,,,
21T91,8268,185,41,5,91736,3,122,202,21.6,2021,45.059197,-121.782,6,29,2021,3500,,2020,20,38.2,,,n,228,skippy,low but likely correct,,,,,0,,
18T48,10050,164,41,7,78301,3,326,202,12.9,2018,45.78422,-123.595,4,30,2018,1300,,,,,,,,,,,,,,,,,
18T49,10347,943,41,7,95388,2,304,202,12.9,2018,45.9464,-123.588,4,10,2018,1300,,2017,1,10.1,y,135.15181,n,28,scan,n,central_or_cascades,0.12,y,n,too small to crossdate,,
19T120,10579,365,41,7,68379,1,509,202,11,2019,46.04541,-123.8,4,16,2019,500,,,,,,,,,,,,,,,,,
19T121,10105,946,41,7,69925,3,521,202,26.2,2019,45.79124,-123.889,4,18,2019,1100,,2018,,,,,n,40,scan,n,central_or_cascades,-0.02,n,y,"not enough curvature to estimate dtp, might revisit, does not crossdate",,
19T122,10240,617,41,7,72584,2,512,202,18.6,2019,45.99724,-123.746,4,12,2019,1300,,2018,1,14.5,y,207.31956,n,23,scan,n,central_or_cascades,-0.26,n,y,"too small to xdate, negative correlation but likely correct",,
19T123,10493,928,41,7,77060,4,540,202,15.5,2019,46.04019,-123.378,11,13,2019,1300,,2019,1,17.3,y,185.801,n,23,scan,n,central_or_cascades,-0.51,n,y,"too small to xdate, negative correlation but likely correct",,
19T124,10174,987,41,7,82736,2,525,202,47.6,2019,45.84656,-123.526,4,15,2019,900,,2018,,,,,n,76,scan,,central_or_cascades,0.19,y,n,"not enough curvature in rings to estimate dtp, low but correect",,
19T125,10448,383,41,7,93437,1,511,202,5.2,2019,46.04289,-123.752,4,17,2019,900,,,,,,,,,,,,,,,,,
20T69,10299,28,41,7,52141,1,100,202,32.7,2020,45.94411,-123.385,6,11,2020,1100,,2019,,,,,n,63,scan,n,central_or_cascades,0.04,n,y,"not enough curvature to estimate dtp, low but likely correct",,
20T70,10534,624,41,7,52776,2,109,202,19.5,2020,46.09035,-123.389,6,25,2020,1700,,2019,1,16.8,y,199.52494,n,38,scan,,central_or_cascades,0.16,y,n,,,
21T92,10580,600,41,7,56407,3,120,202,16.6,2021,46.167794,-123.539,5,5,2021,500,,2020,1,14.8,y,194.39467,n,31,scan,y,central_or_cascades,0.29,y,n,,,
21T93,10106,584,41,7,79756,2,130,202,10.1,2021,45.799805,-123.812,4,12,2021,300,,,,,,,,,,,,,,,,,
21T94,10404,863,41,7,91340,1,100,202,41.4,2021,45.994061,-123.528,5,4,2021,1100,,2020,,,,,n,52,scan,y,central_or_cascades,0.3,y,n,not enough curvature to estimate dtp,,
18T50,10183,365,41,9,64141,2,304,202,40.1,2018,45.85025,-122.886,3,29,2018,500,,,,,,,,54,scan,,,,,,,,
18T51,9989,206,41,9,71226,3,10,202,30.6,2018,45.7497,-122.895,9,13,2018,100,,2018,,,,,,,scan,,,,,,,,
18T52,10116,929,41,9,80961,1,301,202,14.7,2018,45.79628,-123.029,10,10,2018,1700,,2018,1,4,y,153.78906,n,28,scan,y,central_or_cascades,0.26,y,n,"too small to cxdate, low but correct",,
18T53,10354,403,41,9,86960,2,350,202,17,2018,45.94318,-123.102,5,23,2018,1100,,,,,,,,,,,,,,,,,
19T126,10057,148,41,9,64830,1,511,202,7,2019,45.77464,-123.018,7,25,2019,1500,,,,,,,,,,,,,,,,,
19T127,10246,550,41,9,69952,1,510,202,8.7,2019,45.89733,-122.894,4,3,2019,500,,,,,,,,,,,,,,,,,
19T128,10538,40,41,9,84256,3,530,202,10.4,2019,46.09658,-123.105,10,11,2019,700,,2019,1,13.9,y,119.84831,n,28,scan,,,,,,,,
21T95,10242,508,41,9,50745,4,114,202,14.3,2021,45.877763,-123.138,5,17,2021,700,,,,,,,,,,,,,,,,,
21T96,10494,617,41,9,66774,1,131,202,8.3,2021,46.052101,-123.362,10,6,2021,1100,,,,,,,,,,,,,,,,,
21T97,10455,635,41,9,90763,2,115,202,16.3,2021,46.035996,-123.174,10,21,2021,700,,,,,,,,,,,,,,,,,
17T17,2920,288,41,11,88069,1,307,202,11.4,2017,43.06626,-123.896,7,9,2017,1700,,,,,,,,,,,,,,,,,
18T54,4008,171,41,11,50257,1,300,202,11.8,2018,43.42673,-124.119,7,12,2018,300,,,,,,,,,,,,,,,,,
18T55,2111,12,41,11,59084,1,12,202,17.7,2018,42.81759,-123.826,10,31,2018,2700,,2018,1,4.1,,,n,118,skippy,y,central_or_cascades,0.38,y,n,,,
18T56,4303,11,41,11,60518,1,312,202,6.6,2018,43.58778,-123.974,7,9,2018,1500,,,,,,,,,,,,,,,,,
18T57,3913,258,41,11,61924,1,321,202,8.2,2018,43.43183,-123.967,7,11,2018,700,,,,,,,,,,,,,,,,,
18T58,2720,766,41,11,62090,2,5,202,33.4,2018,43.02067,-124,11,3,2018,300,,2018,,,,,n,68,scan,y,central_or_cascades,0.13,y,n,"not enough curvature to estimate dtp, low but likely correct",,
18T59,3818,699,41,11,82951,3,122,202,21.3,2018,43.40932,-123.769,6,26,2018,2100,,,,,,,,,,,,,,,,,
19T129,4205,524,41,11,50499,2,522,202,15.7,2019,43.55158,-123.948,5,16,2019,1100,,,,,,,,,,,,,,,,,
19T130,2715,483,41,11,68183,1,514,202,11.9,2019,42.98776,-124.336,6,28,2019,700,,,,,,,,,,,,,,,,,
19T131,2921,867,41,11,75926,1,1,202,30.1,2019,43.09169,-123.838,11,4,2019,2700,,2019,,,,,n,62,scan,,central_or_cascades,0.15,y,n,"not enough curvature to estimate dtp, low but correc",,
19T132,4105,941,41,11,76634,1,5,202,13.1,2019,43.48471,-124.114,11,5,2019,500,,,,,,,,,,,,,,,,,
19T133,3816,154,41,11,83003,1,508,202,13,2019,43.38645,-123.897,5,15,2019,1700,,,,,,,,,,,,,,,,,
19T134,2416,29,41,11,95393,1,519,202,7.8,2019,42.89425,-124.131,6,29,2019,700,,,,,,,,,,,,,,,,,
21T98,4106,610,41,11,66410,2,110,202,16.7,2021,43.50295,-124.026,5,25,2021,1500,,,,,,,,,,,,,,,,,
21T99,4201,869,41,11,66698,1,12,202,10.7,2021,43.52693,-124.189,6,8,2021,300,,,,,,,,,,,,,,,,,
21T100,4398,318,41,11,72886,2,141,202,48.1,2021,43.58578,-123.889,6,10,2021,1500,,,,,,,,,,,,,,,,,
21T101,3817,997,41,11,92850,3,125,202,18.9,2021,43.38026,-123.837,5,26,2021,1500,,,,,,,,,,,,,,,,,
21T102,2316,143,41,11,97947,3,137,202,16.6,2021,42.872529,-123.909,7,21,2021,3300,,2020,2,19.8,y,150.44057,n,69,scan,,,,,,,,
20T71,6642,864,41,13,73329,2,7,202,10.3,2020,44.38757,-120.006,10,15,2020,5300,,,,,,,,,,,,,,,,,
21T103,6353,345,41,13,75366,2,132,202,9,2021,44.285321,-120.477,5,5,2021,4900,,2020,7,15.1,y,103.85023,n,68,skippy,y,id036,0.33,y,n,several missing ring,,
21T104,6728,261,41,13,77506,1,111,202,33,2021,44.450384,-120.494,9,14,2021,4700,,2021,,,,,n,93,scan,y,id036,0.48,y,n,not enough curvature to estimate dtp,,
18T60,1594,856,41,15,55215,4,354,202,43.6,2018,42.61828,-124.299,10,17,2018,1100,,2018,,,,,n,75,scan,y,,,,,not enough curvature to estimate dtp,,
18T61,2104,67,41,15,61927,3,319,202,12.1,2018,42.80195,-124.194,10,18,2018,500,,,,,,,,,,,,,,,,,
18T62,1596,992,41,15,71002,3,360,202,48.1,2018,42.59369,-124.098,11,2,2018,2500,,,,,,,,,,,,,,,,,
18T63,984,347,41,15,82687,2,530,202,22.4,2018,42.40981,-124.392,10,16,2018,900,,,,,,,,,,,,,,,,,
18T64,1595,31,41,15,88147,2,523,202,5.5,2018,42.64678,-124.227,10,21,2018,1700,,,,,,,,,,,,,,,,,
18T65,2515,831,41,15,89459,3,335,202,25.7,2018,42.94788,-124.337,10,20,2018,500,,,,,,,,,,,,,,,,,
19T135,1291,120,41,15,79797,2,592,202,33.3,2019,42.49471,-124.228,7,13,2019,100,,,,,,,,,,,,,,,,,
19T136,478,691,41,15,79813,4,522,202,11.5,2019,42.20746,-124.334,6,27,2019,1700,,,,,,,,,,,,,,,,,
21T105,886,85,41,15,50552,3,135,202,26.5,2021,42.362358,-124.337,9,18,2021,700,,,,,,,,,,,,,,,,,
21T106,582,567,41,15,59964,3,124,202,15.5,2021,42.260613,-124.322936,9,15,2021,1300,,,,,,,,,,,,,,,,,
21T107,2105,826,41,15,89090,2,1,202,20.4,2021,42.794877,-124.269,9,19,2021,1700,,2021,,,,,y,,scan,,,,,,revisit sample,,
19T137,6146,950,41,17,50662,3,534,202,15,2019,44.24522,-121.696,7,31,2019,4500,,,,,,,,,,,,,,,,,
17T18,3922,946,41,19,50148,1,300,202,23.5,2017,43.45165,-123.319,11,6,2017,700,,2017,,,,,n,53,scan,y,central_or_cascades,0.16,y,n,"low but likely correct, not enough curvature to estimate dtp",,
17T19,4211,415,41,19,53583,2,323,202,33.7,2017,43.58093,-123.512,10,30,2017,300,,2017,,,,,n,57,scan,y,central_or_cascades,0.13,y,n,"low but likely correct, not enough curvature to estimate dtp",,
17T20,3529,20,41,19,54472,1,314,202,7.4,2017,43.03308,-123.452,10,26,2017,700,,,,,,,,26,,,,,,,,,
17T21,4793,798,41,19,59154,4,314,202,7.4,2017,43.75429,-123.206,10,16,2017,700,,2017,,,,,y,20,scan,n,central_or_cascades,-0.13,n,y,"too small to crossdate, neative correlation",,
17T22,3924,317,41,19,68136,3,313,202,23.7,2017,43.44063,-123.167,9,26,2017,1300,,2017,3,36.1,y,287.81587,n,44,scan,y,,,,,low but correct ,,
17T23,4025,904,41,19,77793,1,304,202,13,2017,43.4291,-122.815,10,2,2017,3300,,2015,3,26.1,y,133.29073,n,24,scan,n,central_or_cascades,0.21,y,n,"too small to crossdate, outer ring missing, no bark ",,
17T24,3739,550,41,19,84407,1,306,202,40.7,2017,43.39354,-122.29,10,4,2017,5300,,2017,,,,,n,265,skippy,y,,,,,not enough curvature to estimate dtp,,
18T66,3545,524,41,19,50007,2,329,202,32.4,2018,43.2829,-122.021,9,27,2018,5900,,2018,,,,,n,121,scan,y,,,,,not enough curvature to estimate dtp,,
18T67,3637,980,41,19,53798,1,302,202,39.8,2018,43.31522,-122.458,9,17,2018,3300,,,,,,,,,,,,,,,,,
18T68,5264,704,41,19,53972,2,324,202,35.4,2018,43.92815,-123.701,6,13,2018,2100,,2017,,,,,n,100,scan,y,,,,,"low but correct, not enough curvature to estimate dtp",,
18T69,2834,491,41,19,55210,1,327,202,31.4,2018,43.04614,-122.906,10,9,2018,2500,,2018,,,,,n,102,scan,y,,,,,not enough curvature to estimate dtp,,
18T70,4882,682,41,19,56238,2,527,202,19.6,2018,43.78262,-123.706,9,26,2018,1300,,2018,,,,,n,35,scan,y,central_or_cascades,0.36,y,n,not enough curvature to estimate dtp,,
18T71,3525,818,41,19,60508,1,302,202,14.7,2018,43.28939,-123.576,5,1,2018,1700,,2017,,,,,n,50,scan,y,central_or_cascades,0.33,y,n,not enough curvature to estimate dtp,,
18T72,3827,394,41,19,61343,2,318,202,44.1,2018,43.37738,-123.099,4,30,2018,1700,,2017,,,,,n,124,scan,y,,,,,not enough curvature to estimate dtp,,
18T73,4402,188,41,19,61789,4,525,202,54.5,2018,43.63263,-123.631,10,30,2018,500,,,,,,,,,,,,,,,,,
18T74,4109,31,41,19,64358,1,511,202,17.8,2018,43.47882,-123.782,6,28,2018,900,,2017,2,16.6,y,196.9008,n,40,scan,y,central_or_cascades,0.21,y,n,too small to crossdate,,
18T75,4114,515,41,19,66385,3,308,202,66.2,2018,43.52557,-123.492,10,16,2018,1900,,,,,,,,,,,,,,,,,
18T76,3934,15,41,19,67701,2,326,202,7.8,2018,43.433,-122.414,8,27,2018,3100,,,,,,,y,33,scan,,,,,,,,
18T77,4780,887,41,19,68472,1,100,202,45.6,2018,43.74962,-124.129,7,25,2018,100,,2017,,,,,,,skippy,,,,,,"revisit, is not crossdating",,
18T78,2537,254,41,19,70337,4,325,202,20.7,2018,42.94548,-122.697,10,23,2018,2500,,2018,3,9.9,,,n,163,skippy,,,,,,y,,
18T79,4981,168,41,19,72817,2,309,202,41.8,2018,43.82299,-123.511,9,27,2018,900,,2018,,,,,,,scan,,,,,,"revisit, not crossdating",,
18T80,2730,612,41,19,76638,2,326,202,15.9,2018,42.99769,-123.186,6,27,2018,1300,,2017,,,,,y,41,scan,y,,,,,low but correct,,
18T81,3730,842,41,19,77490,1,318,202,30.4,2018,43.38377,-122.947,5,2,2018,1300,,2017,1,10.1,y,304.79153,n,62,scan,y,central_or_cascades,0.46,y,n,,,
18T82,4698,270,41,19,82421,1,301,202,38.7,2018,43.71856,-123.158,10,3,2018,1500,,2018,,,,,n,83,scan,y,,,,,not enough curvature to estimate dtp,,
18T83,2936,645,41,19,85319,3,309,202,44.8,2018,43.09465,-122.696,10,24,2018,3300,,2018,,,,,y,190,skippy,y,,,,,good sample,,
18T84,4120,238,41,19,86406,3,335,202,14.1,2018,43.53632,-122.941,9,18,2018,2700,,2016,3,23.9,y,132.73193,n,24,scan,y,central_or_cascades,0.41,y,n,"outer rings missing, too small to xdate",,
18T85,2637,972,41,19,94137,2,339,202,22.4,2018,42.96769,-122.737,10,5,2018,2500,,2018,,,,,n,124,skippy,y,,,,,truncate sample at 1919 because there is a massive intrusion,,
18T86,2431,196,41,19,94204,2,317,202,11.2,2018,42.90341,-123.042,5,6,2018,2500,,,,,,,,,,,,,,,,,
18T87,4216,607,41,19,96206,1,301,202,9.7,2018,43.54865,-123.14,11,5,2018,1500,,2018,2,24.1,y,101.99793,n,15,scan,n,,,,,revisit,,
18T88,4396,484,41,19,97910,2,338,202,40.2,2018,43.62246,-124.173,6,27,2018,300,,2018,,,,,n,80,scan,y,central_or_cascades,0.36,y,n,not enough curvature in rings to estimate pith,,
18T89,3833,121,41,19,98674,1,313,202,36.9,2018,43.39233,-122.634,9,19,2018,1900,,,,,,,,,,,,,,,,,
19T138,4697,700,41,19,67782,2,526,202,36.1,2019,43.68122,-123.235,10,21,2019,1100,,2019,3,30.9,,,n,116,skippy,y,,,,,,,
19T139,3433,778,41,19,69620,3,529,202,11.5,2019,43.28228,-123.038,5,2,2019,2100,,2018,2,20.6,y,130.7338,n,27,scan,,,,,,too small to crossdate,,
19T140,4594,135,41,19,74467,2,3,202,24.3,2019,43.6774,-123.783,9,11,2019,700,,2019,,,,,n,50,scan,y,central_or_cascades,0.34,y,n,not enough curvature in rings to estimate pith,,
19T141,4407,174,41,19,76802,3,536,202,24.1,2019,43.62452,-123.306,9,16,2019,500,,2019,,,,,n,44,scan,y,central_or_cascades,0.25,y,n,not enough curvature in rings to estimate pith,,
19T142,2116,637,41,19,77023,4,533,202,6.8,2019,42.80006,-123.444,4,16,2019,2500,,2017,1,6.9,y,74.66542,n,33,scan,y,central_or_coastal,0.33,y,n,too small to crossdate,,
19T143,3925,726,41,19,81594,1,501,202,34.6,2019,43.44268,-123.098,5,1,2019,1500,,2018,,,,,n,152,skippy,y,,,,,not enough curvature in rings to estimate pith,,
19T144,4886,645,41,19,91027,1,505,202,14.6,2019,43.77955,-123.297,4,23,2019,1100,,,,,,,,,,,,,,,,,
19T145,4310,188,41,19,94171,4,515,202,17.9,2019,43.57565,-123.434,4,30,2019,1500,,2018,2,22.7,y,167.43947,n,42,scan,y,central_or_coastal,0.19,y,n,too small to crossdate,,
19T146,4794,845,41,19,97008,2,519,202,44.2,2019,43.75563,-123.14,9,26,2019,900,,,,,,,,,,,,,,,,,
19T147,4024,25,41,19,98242,4,529,202,18.1,2019,43.47994,-122.927,8,6,2019,2900,,,,,,,,,,,,,,,,,
19T148,5168,773,41,19,98486,3,518,202,18.2,2019,43.90239,-123.679,10,31,2019,700,,2019,2,26.1,y,153.95742,n,36,scan,y,central_or_cascades,0.2,y,n,low but correct,,
19T149,5168,71,41,19,98486,4,541,202,18.9,2019,43.90239,-123.679,10,31,2019,700,,2019,,,,,n,42,scan,,central_or_cascades,0.28,y,n,not enough curvature in rings to estimate pith,,
20T72,4883,562,41,19,55254,3,5,202,22.4,2020,43.77859,-123.632,7,30,2020,1100,,2020,1,7.6,y,236.5502,n,45,scan,y,central_or_cascades,0.2,y,n,"low but correct, complacent",,
20T73,3935,261,41,19,97696,3,113,202,55.4,2020,43.43472,-122.296,8,20,2020,5700,,2019,,,,,n,207,scan,y,,,,,"good sample,not enough curvature in rings to estimate dtp",,
21T108,4977,460,41,19,55648,1,109,202,18.6,2021,43.828247,-123.769,9,22,2021,500,,,,,,,n,31,scan,,,,,,revisit,,
21T109,4311,747,41,19,64024,2,128,202,43.9,2021,43.575528,-123.371,9,21,2021,900,,2021,,,,,n,77,scan,y,central_or_cascades,0.44,y,n,not enough curvature in rings to estimate pith,,
21T110,4504,631,41,19,64625,4,113,202,44,2021,43.6634,-123.265,10,6,2021,500,,2021,,,,,n,59,scan,y,central_or_cascades,0.31,y,n,not enough curvature in rings to estimate pith,,
21T111,3721,610,41,19,70046,3,162,202,19,2021,43.37301,-123.679,6,21,2021,2500,,2020,,,,,y,31,scan,y,central_or_cascades,0.45,y,n,,,
21T112,3341,705,41,19,70844,1,5,202,50.1,2021,43.241497,-122.496503,9,29,2021,3500,,2021,,,,,n,228,skippy,y,central_or_cascades,0.64,y,n,"good sample,not enough curvature in rings to estimate dtp",,
21T113,3042,464,41,19,73966,4,7,202,35.8,2021,43.141831,-122.359,9,30,2021,4100,,2021,,,,,n,257,skippy,y,,,,,"good sample,not enough curvature in rings to estimate dtp",,
21T114,4110,819,41,19,74945,1,141,202,7.4,2021,43.4836,-123.706,5,27,2021,900,,,,,,,,,,,,,,,,,
21T115,4498,853,41,19,75150,4,138,202,10.1,2021,43.65993,-123.755,6,7,2021,100,,,,,,,,,,,,,,,,,
21T116,4973,921,41,19,75882,4,146,202,13.8,2021,43.830564,-124.107,9,28,2021,100,,,,,,,,,,,,,,,,,
21T117,3621,325,41,19,80517,1,123,202,13.2,2021,43.34033,-123.707,6,22,2021,900,,2020,1,12.6,y,134.19931,n,25,scan,,central_or_cascades,0.11,y,n,,,
21T118,3444,130,41,19,92080,3,13,202,14.2,2021,43.266362,-122.187,10,27,2021,4500,,2021,5,20.3,y,110.8456,n,58,scan,y,,,,,"low but correct, complacent",,
21T119,4695,972,41,19,93334,2,123,202,35,2021,43.73096,-123.42,4,27,2021,1300,,2020,,,,,n,88,scan,,,,,,not enough curvature in rings to estimate pith,,
21T120,4015,766,41,19,96647,1,17,202,10.2,2021,43.465286,-123.561,10,29,2021,300,,,,,,,,,,,,,,,,,
21T121,4121,948,41,19,97522,4,132,202,53.7,2021,43.482901,-122.884,10,18,2021,3500,,2021,,,,,n,223,scan,,,,,,"good sample,not enough curvature in rings to estimate dtp",,
17T25,8217,550,41,23,58079,3,326,202,29.2,2017,44.93074,-118.524,7,24,2017,5900,,2016,4,13.1,,,n,212,skippy,y,,,,,,,
17T26,6178,541,41,23,86814,3,309,202,12.5,2017,44.21656,-119.269,5,11,2017,5500,,,4,15.9,,,n,37,skippy,cant dat righr not,,,,,,,
18T90,5604,582,41,23,89386,4,345,202,7.6,2018,43.97416,-119.552,6,20,2018,5500,,,,,,,,,,,,,,,,,
19T150,8120,40,41,23,50326,4,531,202,24.8,2019,44.94533,-118.769,10,2,2019,5100,"sample broken, first half of sample mounted in reverse",2019,5,24,y,248.7295,n,77,scan,low but correct,id029,0.07,n,y,,,
19T151,5898,869,41,23,69340,4,519,202,16.9,2019,44.05093,-118.866,9,23,2019,5100,,2019,2,7,,,n,79,skippy,really good correlation with 67112,id036,0.36,y,n,,,
19T152,6371,318,41,23,89264,3,524,202,18.6,2019,44.26081,-119.049,4,24,2019,4900,,2018,2,3.3,n,,n,100,skippy,y,id029,0.4,y,n,,,
19T153,5995,772,41,23,90745,2,509,202,12.5,2019,44.12423,-118.696,6,6,2019,5500,,2017,8,19.6,y,129.42913,n,102,skippy,,id029,0.33,y,n,,,
20T74,6286,837,41,23,67112,3,4,202,17.4,2020,44.17951,-118.317,10,2,2020,5500,,2020,3,13.8,,,n,78,scan,y,id036,0.49,y,n,,,
20T75,5605,652,41,23,73815,4,2,202,9.3,2020,43.97772,-119.495,9,9,2020,6300,,2020,1,2.6,,,n,82,scan,really good,,,,,,,
20T76,7475,899,41,23,84948,3,3,202,23.8,2020,44.69391,-118.883,9,28,2020,5300,,2020,11,33.5,,,n,140,skippy,really good,,,,,,,
21T122,7385,178,41,23,53588,4,5,202,12.9,2021,44.63942,-118.688,6,24,2021,4300,,,,,,,,,,,,,,,,,
21T123,6090,998,41,23,74370,3,120,202,12.8,2021,44.11866,-118.622,7,22,2021,5100,,2019,3,21.4,y,131.71488,n,48,scan,y,id036,0.15,n,y,"weird because it looks like afew years of rings are missing at the start, low but likely correct",,
21T124,6273,518,41,23,79552,3,113,202,27.4,2021,44.24267,-119.297,8,12,2021,5100,,2020,1,7.9,,,n,112,scan,,,,,,,,
21T125,7020,304,41,23,84605,4,7,202,10,2021,44.52116,-118.867,6,22,2021,5100,,,,,,,,,,,,,,,,,
19T154,5516,452,41,25,94353,4,3,202,14.2,2019,43.94323,-118.976,4,25,2019,4700,,2018,,,,,y,120,skippy,y,or005,0.53,y,n,,,
20T77,5803,435,41,25,97280,4,3,202,9.7,2020,44.03199,-118.798,9,10,2020,5900,,2020,2,8.3,,,n,53,skippy,,,,,,thius sample is good and x dates with 67112,,
21T126,5223,440,41,25,80253,4,7,202,9.5,2021,43.824834,-119.429,10,14,2021,4900,,2021,,,,,y,49,scan,,,,,,,,
18T91,9299,989,41,27,80561,3,346,202,10.2,2018,45.4471,-121.776,7,16,2018,2500,,,,,,,,,,,,,,,,,
18T92,9918,519,41,27,83552,3,313,202,39.4,2018,45.69081,-121.482,8,29,2018,900,,2018,6,39.1,y,268.61168,n,104,scan,y,,,,,,,
19T155,9117,604,41,27,71618,2,530,202,54.6,2019,45.40033,-121.565,6,4,2019,3700,,2018,,,,,n,184,scan,y,,,,,not enough curvature in rings to estimate pith,,
19T156,9398,677,41,27,74571,3,517,202,15.6,2019,45.50146,-121.775,6,12,2019,3100,,,,,,,,,,,,,,,,,
19T157,9840,745,41,27,78524,4,560,202,15.6,2019,45.64901,-121.772,6,5,2019,3900,,2018,4,25.3,y,166.20958,n,82,scan,,,,,,low but correct,,
20T78,9302,669,41,27,61625,3,1,202,29.7,2020,45.45045,-121.562,7,20,2020,2900,,2019,,,,,n,105,scan,,,,,,not enough curvature in rings to estimate pith,,
20T79,9300,947,41,27,64189,2,28,202,13.6,2020,45.44979,-121.703,7,21,2020,3900,,,,,,,,,,,,,,,,,
20T80,9758,301,41,27,90299,2,4,202,17.8,2020,45.62463,-121.728,7,22,2020,3700,,,,,,,,,,,,,,,,,
20T81,9672,243,41,27,95586,3,107,202,22.7,2020,45.59118,-121.558,10,20,2020,1300,,2020,2,10.7,y,224.17505,n,105,scan,y,,,,,,,
20T82,8833,62,41,27,96926,1,16,202,31.2,2020,45.27835,-121.502,7,23,2020,4700,,,,,,,,,,,,,,,,,
21T127,9493,616,41,27,76155,3,140,202,5,2021,45.500392,-121.712,9,8,2021,3500,,,,,,,,,,,,,,,,,
21T128,9491,708,41,27,83335,1,102,202,18.5,2021,45.548767,-121.843,6,30,2021,3300,,,,,,,,,,,,,,,,,
21T129,9583,544,41,27,92020,1,105,202,32.9,2021,45.566464,-121.519781,9,30,2021,2100,,,,,,,,,,,,,,,,,
21T130,9210,553,41,27,98585,2,148,202,36.3,2021,45.394543,-121.501,8,18,2021,4700,,2020,,,,,n,118,scan,y,,,,,not enough curvature in rings to estimate pith,,
18T93,2131,774,41,29,64781,2,317,202,27,2018,42.8025,-122.368,10,3,2018,4700,,2018,11,68.7,y,304.292,n,95,scan,y,,,,,low but correct,,
18T94,2131,786,41,29,64781,3,336,202,33.1,2018,42.8025,-122.368,10,3,2018,4700,,,,,,,,,scan,,,,,,,,
19T158,906,439,41,29,50957,3,510,202,10.7,2019,42.35307,-122.726,5,22,2019,3100,,,,,,,,,,,,,,,,,
19T159,1718,312,41,29,62142,2,518,202,11.5,2019,42.66166,-122.616,4,10,2019,2700,,,,,,,,,,,,,,,,,
21T131,2439,852,41,29,54908,4,6,202,54.1,2021,42.920514,-122.46,10,1,2021,3700,,,,,,,,,,,,,,,,,
18T95,6804,708,41,31,51428,4,329,202,10,2018,44.49078,-121.618,4,18,2018,3100,,,,,,,,,,,,,,,,,
20T83,7623,650,41,31,76454,2,133,202,6.5,2020,44.81772,-121.6,7,8,2020,3700,,,,,,,,,,,,,,,,,
20T84,7258,183,41,31,80679,3,9,202,20.2,2020,44.66472,-121.576,11,12,2020,2300,,,,,,,,,,,,,,,,,
21T132,7181,245,41,31,50555,3,104,202,12.5,2021,44.620581,-120.537,6,8,2021,4300,,2020,4,7.8,y,126.03821,n,123,skippy,y,id029,0.22,n,y,"low but possibly correct, looks like suppression from stand dynamics or insects",,
21T133,6983,978,41,31,58371,1,123,202,10.4,2021,44.571152,-121.726,8,30,2021,4300,,,,,,,,,,,,,,,,,
21T134,6805,385,41,31,84169,1,26,202,6.8,2021,44.50923,-121.556,7,26,2021,3700,,,,,,,,,,,,,,,,,
21T135,6896,239,41,31,96400,2,112,202,26.8,2021,44.565748,-121.511,8,26,2021,3700,,,,,,,,,,,,,,,,,
18T96,999,602,41,33,98850,1,314,202,12.4,2018,42.40058,-123.252,10,25,2018,2500,,,,,,,,,,,,,,,,,
19T160,291,694,41,33,53097,3,583,202,23,2019,42.15983,-123.324,8,24,2019,3300,,2019,6,38.9,y,241.20366,n,84,scan,y,,,,,,,
19T161,1508,549,41,33,83223,2,526,202,14,2019,42.59735,-123.25,5,20,2019,3500,,,,,,,,,,,,,,,,,
19T162,1201,776,41,33,88465,1,5,202,13.8,2019,42.44794,-123.455,9,5,2019,1100,,,,,,,,,,,,,,,,,
19T163,196,594,41,33,95076,3,522,202,15.7,2019,42.10874,-123.64,7,23,2019,1500,,,,,,,,,,,,,,,,,
19T164,138,86,41,35,75642,3,519,202,6.1,2019,43.13825,-121.821,5,16,2019,4700,,,,,,,,,,,,,,,,,
17T27,5747,560,41,39,69523,4,322,202,16.1,2017,44.11453,-122.946,10,25,2017,900,,,,,,,,,,,,,,,,,
17T28,5090,50,41,39,72255,3,307,202,20,2017,43.85989,-122.379,10,18,2017,2700,,2017,3,26.7,y,203.74303,n,65,scan,y,or116,0.21,y,n,,,
17T29,5366,610,41,39,96531,3,316,202,30.1,2017,43.62877,-123.107,11,7,2017,1100,,2016,,,,,n,108,scan,y,,,,,not enough curvature in rings to estimate pith,,
18T97,4519,611,41,39,52062,3,336,202,40.9,2018,43.63025,-122.147,7,18,2018,3700,,2017,,,,,n,167,skippy,,,,,,not enough curvature in rings to estimate pith,,
18T98,5562,143,41,39,52570,3,316,202,25.1,2018,44.03157,-122.717,4,2,2018,1900,,2017,,,,,n,55,scan,,central_or_cascades,0.12,n,y,", verylow correlation but likely correct",,
18T99,4805,516,41,39,52904,2,317,202,27.3,2018,43.73605,-122.361,6,19,2018,3100,,2017,2,15.7,y,246.20126,n,121,scan,y,,,,,,,
18T100,4319,848,41,39,53561,1,305,202,41.8,2018,43.59076,-122.814,6,18,2018,3500,,,,,,,,,,,,,,,,,
18T101,4902,582,41,39,56289,3,334,202,31.7,2018,43.80613,-122.181,7,2,2018,3900,,,,,,,,,,,,,,,,,
18T102,5189,352,41,39,57557,4,396,202,65,2018,43.87865,-122.071,9,13,2018,2900,,2017,,,,,n,172,scan,y,,,,,not enough curvature in rings to estimate pith,,
18T103,4418,891,41,39,58260,4,320,202,10.2,2018,43.82378,-123.162,9,19,2018,3300,,2018,1,5.9,y,122.47033,n,27,scan,n,central_or_cascades,0.02,n,y,too small to xdate,,
18T104,4604,769,41,39,60159,1,303,202,12.1,2018,43.68987,-122.982,4,4,2018,1500,,2017,1,4.7,y,136.62306,n,48,skippy,,,,n,y,"challenging to crossdate because sample is so short, potential missing rings after 2000s",,
18T105,4803,206,41,39,60784,2,307,202,27.4,2018,43.78101,-122.48,4,24,2018,2300,,2017,,,,,n,79,scan,,,,,,not enough curvature in rings to estimate pith,,
18T106,5363,207,41,39,62781,2,324,202,39.1,2018,43.97681,-123.368,10,4,2018,900,,,,,,,,,,,,,,,,,
18T107,5083,265,41,39,64000,2,513,202,12.9,2018,43.87465,-122.959,10,18,2018,1700,,2018,2,20.1,y,135.33967,n,22,scan,n,central_or_cascades,0.55,y,n,too small to xdate,,
18T108,4983,636,41,39,66247,1,304,202,25.4,2018,43.82741,-123.364,5,8,2018,700,,2017,,,,,n,59,scan,,,,,,not enough curvature in rings to estimate dtp,,
18T109,4125,814,41,39,67392,2,135,202,25.3,2018,43.51132,-122.585,10,4,2018,2900,,2018,11,39.3,,,n,216,skippy,y,,,,,,,
18T110,5179,510,41,39,69192,3,325,202,5.3,2018,43.90672,-122.854,10,9,2018,900,,2018,,,,,y,9,scan,n,central_or_cascades,0.51,y,n,too small to xdate,,
18T111,4124,433,41,39,71924,3,348,202,19,2018,43.51384,-122.657,10,6,2018,2700,,2018,1,12.9,y,212.00533,n,44,scan,y,,,,,,,
18T112,5662,923,41,39,72235,4,352,202,36.5,2018,44.07922,-122.416,9,25,2018,1700,,,,,,,,,,,,,,,,,
18T113,4705,976,41,39,73157,4,362,202,42.7,2018,43.70778,-122.658,6,21,2018,3100,,2017,,,,,n,126,scan,y,,,,,not enough curvature in rings to estimate dtp,,
18T114,6119,542,41,39,73240,1,4,202,18.5,2018,44.26771,-123.789,10,24,2018,300,,,,,,,,,,,,,,,"revisit sample, maybe 2016",,
18T115,4325,663,41,39,73341,3,328,202,18.6,2018,43.58652,-122.292,6,14,2018,4100,,2017,1,11.2,y,184.52253,n,37,scan,n,,,,,"not crossdating well, but likely correct with no missing rings",,
18T116,5279,799,41,39,75374,2,311,202,25.7,2018,43.92748,-122.548,4,16,2018,2500,,2017,,,,,n,40,scan,y,,,,,not enough curvature in rings to estimate dtp,,
18T117,5259,159,41,39,77026,1,303,202,17,2018,43.92131,-124.06,7,24,2018,300,,2017,2,31.1,y,185.293,n,22,scan,n,central_or_cascades,-0.2,n,y,too small to xdate,,
18T118,5660,648,41,39,77313,4,331,202,21.3,2018,44.07947,-122.558,5,10,2018,2700,,2017,,,,,y,51,scan,y,,,,,,,
18T119,6114,811,41,39,81496,2,337,202,32.6,2018,44.23262,-124.103,8,8,2018,900,,2017,,,,,n,55,scan,y,central_or_cascades,0.54,y,n,not enough curvature in rings to estimate dtp,,
18T120,4991,91,41,39,85026,4,359,202,45.4,2018,43.83713,-122.685,8,2,2018,1300,,,,,,,,,,,,,,,,,
18T121,5457,469,41,39,85516,2,314,202,27.7,2018,44.01103,-123.538,5,9,2018,1300,,2017,,,,,n,68,scan,y,,,n,y,"low correlation, not enough curvature in rings to estimate dtp",,
18T122,4614,170,41,39,86709,4,334,202,35,2018,43.68251,-122.215,9,12,2018,3500,,2018,,,,,n,163,skippy,y,,,,,"missing ring early 1950s, not enough curvature in rings to estimate dtp, warped rings in center",,
18T123,5640,496,41,39,93632,4,315,202,75.7,2018,44.07939,-124.056,7,26,2018,300,,2017,,,,,n,63,scan,y,central_or_cascades,0.52,y,n,not enough curvature in rings to estimate dtp,,
18T124,5942,767,41,39,93743,3,320,202,32.3,2018,44.21869,-122.758,4,3,2018,1500,,2017,3,25.3,y,299.76233,n,54,scan,y,,,,,,,
18T125,5080,245,41,39,95893,1,307,202,24.5,2018,43.87137,-123.2,10,10,2018,900,,2018,,,,,n,51,scan,y,,,,,not enough curvature in rings to estimate dtp,,
18T126,6212,886,41,39,97227,3,315,202,12.2,2018,44.28641,-123.923,8,7,2018,500,,2017,,,,,n,30,scan,y,,,,,"too small to crossdate, not enough curvature in rings to estimate dtp",,
18T127,5838,548,41,39,97792,4,322,202,11.5,2018,44.02538,-122.75,10,25,2018,1100,,2018,1,7.4,y,132.97807,n,23,scan,n,central_or_cascades,0.12,n,y,too small to xdate,,
19T165,4891,783,41,39,50782,4,542,202,14.1,2019,43.81014,-122.968,5,2,2019,1300,,2018,1,6.7,y,167.01814,n,35,scan,y,,,,,,,
19T166,5474,699,41,39,52531,1,502,202,51.2,2019,44.0015,-122.178,7,18,2019,2300,,2018,,,,,n,354,skippy,y,,,,,,,
19T167,5170,524,41,39,52947,1,510,202,13.6,2019,43.87738,-123.49,4,16,2019,900,,2017,1,12.5,y,155.01883,n,45,scan,y,,,,,,,
19T168,4994,556,41,39,53391,3,518,202,70.3,2019,43.83561,-122.49,6,27,2019,3300,,2018,,,,,n,337,skippy,y,,,,,"great sample, not enough curvature in rings to estimate pith",,
19T169,5091,276,41,39,54402,3,522,202,20.7,2019,43.85134,-122.312,8,14,2019,4900,,2018,,,,,y,166,skippy,y,,,,,,,
19T170,5378,753,41,39,54437,1,306,202,31.2,2019,43.97542,-122.212,7,15,2019,4900,,2018,,,,,n,190,skippy,y,,,,,not enough curvature in rings to estimate dtp,,
19T171,5573,158,41,39,55513,2,516,202,44,2019,44.0219,-121.872,10,16,2019,5500,,2019,,,,,n,137,scan,y,,,,,not enough curvature in rings to estimate dtp,,
19T172,5848,694,41,39,56068,1,501,202,14.1,2019,44.17091,-122.691,4,10,2019,2100,,2018,1,7.8,y,151.92829,n,24,scan,n,central_or_cascades,0.35,y,n,too small to xdate,,
19T173,5268,820,41,39,59898,3,520,202,11.1,2019,43.93967,-123.375,5,8,2019,1100,,2018,2,18.1,y,107.26057,n,27,scan,n,central_or_cascades,-0.18,n,y,too small to xdate,,
19T174,5551,795,41,39,62482,1,523,202,10.3,2019,44.04281,-123.526,5,6,2019,900,,2018,,,,,y,13,scan,n,central_or_cascades,-0.23,n,y,too small to xdate,,
19T175,4992,477,41,39,63467,4,542,202,44.7,2019,43.83403,-122.657,8,26,2019,1900,,2019,7,36,y,268.39917,n,108,scan,,,,,,,,
19T176,5644,902,41,39,67726,1,504,202,27.2,2019,44.06479,-123.705,9,10,2019,1100,,2019,1,10.4,y,281.27779,n,58,scan,n,central_or_cascades,-0.09,n,y,does not crossdate,,
19T177,4608,683,41,39,68704,4,524,202,12,2019,43.68697,-122.628,7,3,2019,3300,,2018,1,4.4,y,121.4882,n,23,scan,,central_or_cascades,-0.16,n,y,too small to xdate,,
19T178,5473,726,41,39,69883,4,340,202,36.8,2019,43.99939,-122.236,8,1,2019,4500,,,,,,,,,,,,,,,,,
19T179,5069,771,41,39,71081,2,506,202,50.7,2019,43.87988,-124.021,10,17,2019,300,,2019,,,,,n,99,scan,y,,,,,not enough curvature in rings to estimate dtp,,
19T180,5849,858,41,39,74205,4,506,202,33.2,2019,44.12761,-122.535,5,20,2019,1100,,2018,,,,,n,66,scan,y,,,,,not enough curvature in rings to estimate dtp,,
19T181,5926,252,41,39,78635,1,503,202,62.5,2019,44.18167,-123.926,7,23,2019,900,,2018,,,,,n,283,skippy,,,,,,"several missing rings, but crossdating is likely correct, not enough curvature in rings to estimate dtp",,
19T182,5453,673,41,39,80045,2,519,202,18.8,2019,44.00192,-123.848,10,16,2019,300,,2019,1,20,y,206.4766,n,34,scan,,,,,,"low correlation, too small to crossdate",,
19T183,5742,601,41,39,81815,1,2,202,26.4,2019,44.1168,-123.364,11,4,2019,500,,,,,,,,,,,,,,,,,
19T184,5748,854,41,39,86456,4,516,202,12.4,2019,44.11655,-122.885,4,24,2019,1500,,,,,,,,,,,,,,,,,
19T185,5568,823,41,39,89187,4,132,202,21.4,2019,44.02718,-122.274,8,13,2019,3700,,2018,,,,,n,45,scan,,,,,,"rings get distorted near pith, cannot estimate",,
19T186,5567,293,41,39,92083,1,508,202,44.7,2019,44.02452,-122.344,8,29,2019,3300,,2018,,,,,n,265,skippy,,,,,,"tree gets very resinous at center and rings get obscured, cannot estimate pith, missing rings identified. sample mounted twisted",,
19T187,4709,548,41,39,96714,1,504,202,34.2,2019,43.68186,-122.285,5,22,2019,2700,,,,,,,,,,,,,,,,,
20T85,4706,978,41,39,56218,3,6,202,38.4,2020,43.73056,-122.62,10,16,2020,2500,,2020,,,,,n,88,scan,y,,,,,not enough curvature in rings to estimate dtp,,
20T86,4223,741,41,39,56255,3,4,202,14.3,2020,43.56176,-122.558,8,26,2020,4300,,,,,,,,,,,,,,,,,
20T87,5359,271,41,39,59400,3,135,202,10.8,2020,43.94984,-123.653,7,1,2020,1100,,,,,,,,,,,,,,,,,
20T88,5081,784,41,39,63868,2,2,202,11.1,2020,43.87961,-123.158,6,29,2020,1300,,,,,,,,,,,,,,,,,
20T89,4903,739,41,39,64861,1,3,202,34.1,2020,43.80908,-122.109,8,28,2020,4900,,2019,21,36.4,,,n,348,skippy,y,,,,,,,
20T90,5760,431,41,39,66015,4,5,202,33.5,2020,44.1135,-121.993,9,2,2020,3100,,2020,,,,,n,101,scan,y,,,,,not enough curvature in rings to estimate dtp,,
20T91,6035,300,41,39,66568,1,16,202,6.3,2020,44.24719,-122.873,7,8,2020,1100,,,,,,,,,,,,,,,,,
20T92,5556,381,41,39,67368,1,107,202,13.5,2020,44.03024,-123.155,11,2,2020,500,,2020,,,,,y,31,scan,,central_or_cascades,0.33,y,n,,,
20T93,6037,39,41,39,70961,1,118,202,13.8,2020,44.22512,-122.676,6,23,2020,1700,,,,,,,,,,,,,,,,,
20T94,4031,985,41,39,71907,2,19,202,53.8,2020,43.46298,-122.389,8,11,2020,3500,,2019,,,,,n,202,skippy,y,,,,,not enough curvature in rings to estimate dtp,,
20T95,5832,563,41,39,74729,1,19,202,31.3,2020,44.12463,-123.858,10,7,2020,700,,2020,,,,,n,54,scan,n,or116,0.28,y,n,not enough curvature in rings to estimate dtp,,
20T96,5280,686,41,39,76274,2,11,202,20.1,2020,43.93151,-122.497,7,21,2020,2500,,2019,1,14.2,y,212.17164,n,57,scan,y,,,,,,,
20T97,4699,143,41,39,77138,1,12,202,18.2,2020,43.73071,-123.088,6,11,2020,1500,,2019,,,,,n,44,scan,y,,,,,not enough curvature in rings to estimate dtp,,
20T98,5187,177,41,39,82609,3,12,202,44.6,2020,43.92528,-122.284,9,3,2020,3100,,2020,,,,,n,386,skippy,y,,,,,not enough curvature in rings to estimate dtp,,
20T99,5753,879,41,39,84956,3,16,202,11.5,2020,44.08624,-122.513,7,29,2020,1900,,2020,,,,,y,27,scan,n,central_or_cascades,0.41,n,y,too small to crossdate,,
20T100,5180,961,41,39,97738,2,123,202,9.8,2020,43.90713,-122.793,10,27,2020,900,,2020,,,,,y,19,scan,,central_or_cascades,-0.27,n,y,too small to crossdate,,
21T136,4126,300,41,39,52997,1,115,202,10.5,2021,43.54418,-122.559,7,27,2021,3300,,2020,2,14,y,118.03856,n,29,scan,,,,,,,,
21T137,5641,621,41,39,56035,4,6,202,51.1,2021,44.07337,-123.989,8,13,2021,700,,2020,,,,,n,107,scan,,,,,,"not enough curvature in rings to estimate dtp, low but correct; more complacent sample",,
21T138,5260,833,41,39,56847,3,122,202,14.7,2021,43.930475,-123.98,9,29,2021,100,,2021,1,15,y,166.243,n,27,scan,,or116,0.3,y,n,too small to crossdate,,
21T139,5171,816,41,39,58751,1,2,202,10.3,2021,43.93723,-123.433,4,15,2021,1100,,,,,,,,,,,,,,,,,
21T140,4315,476,41,39,58766,2,129,202,11.5,2021,44.02955,-123.567,5,20,2021,1900,,,,,,,,,,,,,,,,,
21T141,6215,374,41,39,60443,2,6,202,40.3,2021,44.26969,-123.675,5,17,2021,1300,,2020,,,,,n,95,scan,y,,,,,not enough curvature in rings to estimate dtp,,
21T142,5375,326,41,39,60795,2,116,202,75.1,2021,43.97602,-122.418,5,19,2021,1700,,2020,,,,,n,216,skippy,y,wa091,0.47,y,n,not enough curvature in rings to estimate dtp,,
21T143,5927,95,41,39,61151,2,121,202,21.5,2021,44.174766,-123.854,8,17,2021,900,,2021,1,11.8,y,224.95042,n,42,scan,y,or116,0.2,y,n,low but correct,,
21T144,5949,220,41,39,63867,3,116,202,50.4,2021,44.17607,-122.138,4,2,2021,1500,,,,,,,,,,,,,,,,,
21T145,5449,398,41,39,64419,2,110,202,12.8,2021,43.9711,-124.112,7,19,2021,100,,2020,6,19.7,y,136.6012,n,58,scan,y,,,,,,,
21T146,5076,762,41,39,66574,4,15,202,6,2021,43.857386,-123.462262,10,13,2021,1100,,,,,,,,,,,,,,,,,
21T147,4410,246,41,39,67413,2,110,202,12.6,2021,43.58463,-123.035,5,3,2021,1700,,2020,1,5.8,y,140.49456,n,26,scan,,,,,,too small to crossdate,,
21T148,5545,658,41,39,67873,4,130,202,13.4,2021,44.023749,-123.986997,8,19,2021,700,,2020,,,,,y,35,scan,y,,,,,"revisit sample, too small to crossdate",,
21T149,4513,455,41,39,68360,4,29,202,45.5,2021,43.636268,-122.558,10,5,2021,4500,,2021,,,,,n,283,skippy,y,,,,,missing 1849. not enough curvature in rings to estimate dtp,,
21T150,4806,616,41,39,83634,1,6,202,18.2,2021,43.72919,-122.288,8,10,2021,3500,,2021,1,10.8,y,158.55156,n,31,scan,n,,,,,too small to crossdate,,
21T151,5844,986,41,39,83846,2,114,202,10.4,2021,44.13207,-122.961,5,12,2021,1300,,,,,,,,,,,,,,,,,
21T152,4988,832,41,39,84056,3,19,202,10.5,2021,43.8143,-122.921,4,28,2021,1900,,,,,,,,,,,,,,,,,
21T153,4894,279,41,39,85008,2,143,202,5,2021,43.97546,-122.751,5,10,2021,3500,,,,,,,,,,,,,,,,,
21T154,6118,745,41,39,87412,3,127,202,34.1,2021,44.26984,-123.856,8,31,2021,900,,2021,,,,,,52,scan,n,,,n,y,"not enough curvature in rings to estimate dtp, sample does not crossdate well, but is likely correct",,
21T155,4217,848,41,39,89353,3,125,202,13,2021,43.5506,-123.062,7,28,2021,1700,,2020,,,,,y,33,scan,n,,,,,"does not crossdate well, sample too small",,
21T156,6120,858,41,39,89447,4,117,202,29.3,2021,44.22587,-123.684,7,8,2021,700,,2020,2,43,y,263.34065,n,48,scan,n,,,n,y,"very complacent sample, does not crossdate well",,
21T157,4609,520,41,39,90586,3,105,202,16.3,2021,43.68274,-122.565,7,14,2021,3900,,2020,1,4,y,175.66481,n,39,scan,,,,,,,,
21T158,4993,225,41,39,94614,2,120,202,35.2,2021,43.83369,-122.554,6,3,2021,3300,,2020,,,,,n,99,scan,y,,,,,not enough curvature in rings to estimate pith,,
21T159,5357,516,41,39,96875,3,9,202,20.9,2021,43.9736,-123.851,8,18,2021,700,,2021,,,,,y,43,scan,y,,,,,,,
17T30,6771,478,41,41,78045,2,337,202,21,2017,44.49131,-124.026,10,10,2017,300,,,,,,,,,,,,,,,,,
18T128,7779,548,41,41,64447,1,321,202,13.5,2018,44.91535,-123.936,6,7,2018,1100,,,,,,,,,,,,,,,,,
18T129,6955,292,41,41,68746,4,328,202,18.6,2018,44.60834,-123.846,8,22,2018,700,,,,,,,,,,,,,,,,,
18T130,6682,861,41,41,68841,1,302,202,44.5,2018,44.47439,-124,8,21,2018,500,,2017,,,,,n,,skippy,y,or116,0.3,y,n,not enough curvature in rings to estimate pith,,
18T131,7045,908,41,41,72872,1,300,202,10.9,2018,44.61721,-123.986,6,26,2018,300,,,,,,,,,,,,,,,,,
18T132,7045,908,41,41,72872,1,300,202,10.9,2018,44.61721,-123.986,6,26,2018,300,,,,,,,,,,,,,,,,,
18T133,7688,580,41,41,73641,2,328,202,29.4,2018,44.84431,-123.747,6,19,2018,1100,,2017,1,33,y,319.31187,n,49,scan,y,central_or_cascades,0.43,y,n,,,
18T134,6687,879,41,41,76418,3,320,202,36.8,2018,44.45784,-123.644,4,26,2018,1500,,,,,,,,,,,,,,,,,
18T135,7499,784,41,41,78457,1,330,202,5.6,2018,44.75527,-124.054,10,16,2018,700,,,,,,,,,,,,,,,,,
18T136,8146,101,41,41,83403,4,322,202,34.1,2018,45.00677,-123.988,7,3,2018,100,,2017,,,,,n,49,scan,y,or116,0.46,y,n,not enough curvature in rings to estimate pith,,
18T137,6776,123,41,41,85772,4,118,202,22.9,2018,44.51717,-123.717,8,23,2018,1300,,2018,1,14,y,247.38012,n,49,scan,,or116,-0.18,n,y,does not crossdate,,
18T138,7686,906,41,41,93466,1,311,202,5.5,2018,44.85762,-123.918,6,5,2018,300,,,,,,,,,,,,,,,,,
18T139,7410,661,41,41,99443,1,315,202,9.1,2018,44.76042,-123.858,7,2,2018,700,,,,,,,,,,,,,,,,,
19T188,7687,804,41,41,51783,4,544,202,29.6,2019,44.86457,-123.858,5,1,2019,1100,,,,,,,,,,,,,,,,,
19T189,6592,875,41,41,55841,1,513,202,56.2,2019,44.41825,-123.792,7,24,2019,900,,,,,,,,,,,,,,,,,
19T190,6772,920,41,41,58684,1,503,202,22.5,2019,44.4996,-123.964,7,9,2019,700,,,,,,,,,,,,,,,,,
19T191,6867,185,41,41,62694,2,533,202,9.8,2019,44.54589,-123.792,7,22,2019,300,,,,,,,,,,,,,,,,,
19T192,6307,684,41,41,65832,1,508,202,20,2019,44.32124,-123.915,7,8,2019,1100,,2018,,,,,y,48,scan,,or116,0.07,n,y,does not crossdate,,
19T193,7319,633,41,41,69935,3,516,202,10.1,2019,44.7118,-123.862,5,7,2019,700,,,,,,,,,,,,,,,,,
19T194,6868,334,41,41,70100,1,518,202,10.6,2019,44.51356,-123.625,10,10,2019,500,,,,,,,,,,,,,,,,,
19T195,6499,739,41,41,91078,3,504,202,52.6,2019,44.37317,-123.783,10,24,2019,300,,2018,,,,,n,120,skippy,y,or116,0.2,y,n,not enough curvature in rings to estimate pith,,
19T196,8147,987,41,41,97198,1,502,202,43.5,2019,45.03817,-123.905,5,8,2019,900,,2018,,,,,n,107,skippy,y,or116,0.3,y,n,not enough curvature in rings to estimate pith,,
19T197,6403,879,41,41,97502,3,135,202,21.1,2019,44.37148,-123.958,7,10,2019,500,,2018,,,,,y,62,scan,y,or116,0.28,y,n,not enough curvature in rings to estimate pith,,
20T101,7141,400,41,41,55419,4,111,202,44.4,2020,44.65102,-123.608,9,16,2020,300,,2020,,,,,,48,scan,y,or116,0.25,y,n,not enough curvature in rings to estimate pith,,
20T102,7500,839,41,41,72985,1,138,202,10.4,2020,44.76624,-124.001,8,25,2020,500,,,,,,,,,,,,,,,,,
21T160,6683,532,41,41,52365,1,21,202,55.6,2021,44.46846,-123.928,7,21,2021,900,,2020,,,,,n,78,scan,y,central_or_cascades,0.34,y,n,not enough curvature in rings to estimate pith,,
21T162,10624,593,41,41,60034,4,4,202,51.3,2021,44.29656,-123.885,7,22,2021,300,,2020,,,,,n,61,scan,y,,,,,not enough curvature in rings to estimate pith,,
21T163,7320,109,41,41,61638,4,129,202,18.9,2021,44.715602,-123.790426,11,9,2021,700,,,,,,,,,,,,,,,,,
21T164,6773,726,41,41,64623,1,129,202,6.8,2021,44.508987,-123.889,8,19,2021,900,,,,,,,,,,,,,,,,,
21T165,7048,712,41,41,76586,1,124,202,11.2,2021,44.6,-123.785,8,17,2021,500,,,,,,,,,,,,,,,,,
21T166,7780,289,41,41,83637,1,131,202,7.8,2021,44.810228,-123.786,5,13,2021,1500,,,,,,,,,,,,,,,,,
21T167,6402,972,41,41,85351,4,139,202,22.9,2021,44.36886,-124.06,7,20,2021,300,,2020,1,13,y,252.87288,n,38,scan,y,or116,0.26,y,n,too small to xdate,,
21T168,6593,501,41,41,86239,2,1,202,18.1,2021,44.44787,-123.753,9,1,2021,700,,,,,,,,,,,,,,,,,
21T169,6308,466,41,41,88548,3,123,202,16.2,2021,44.32102,-123.847,7,20,2021,300,,,,,,,,,,,,,,,,,
21T170,7592,286,41,41,91804,1,136,202,11,2021,44.805468,-123.917,5,12,2021,700,,,,,,,,,,,,,,,,,
21T171,7137,457,41,41,93947,1,134,202,33.4,2021,44.660184,-123.921,10,27,2021,100,,,,,,,,,,,,,,,,,
17T31,7158,144,41,43,73453,1,305,202,12.7,2017,44.64745,-122.367,11,8,2017,2700,,2017,1,14,y,147.4597,n,36,scan,,,,,,,,
17T32,6696,545,41,43,73470,1,314,202,6,2017,44.22102,-123.027,9,28,2017,300,,,,,,,,,,,,,,,,,
17T33,6129,493,41,43,83001,2,316,202,20,2017,44.26819,-122.953,10,23,2017,1700,,2017,,,,,n,115,skippy,y,central_or_cascades,0.59,y,n,not enough curvature in rings to estimate dtp,,
17T34,7245,74,41,43,83731,2,315,202,11.3,2017,44.66829,-122.547,10,19,2017,2500,,2016,,,,,y,22,scan,too small to xdate,,,,,,,
17T35,7063,7,41,43,94378,4,305,202,16,2017,44.61338,-122.689,10,12,2017,1100,,,,,,,,,,,,,,,,,
18T140,6977,623,41,43,50770,1,515,202,7.2,2018,44.56946,-122.139,7,30,2018,3900,,,,,,,,,,,,,,,,,
18T141,6516,56,41,43,55070,2,316,202,25.9,2018,44.37819,-122.443,4,17,2018,2100,,2017,,,,,y,56,scan,y,,,,,,,
18T142,6970,915,41,43,69404,1,316,202,8,2018,44.56583,-122.619,4,18,2018,1500,,,,,,,,,,,,,,,,,
18T143,6322,233,41,43,71497,3,327,202,11.7,2018,44.318,-122.827,9,6,2018,500,,2018,1,5,y,122.59733,n,26,scan,n,central_or_cascades,-0.16,n,y,"too small to xdate, really low correlation",,
18T144,6514,773,41,43,73721,4,320,202,11.2,2018,44.4179,-122.614,4,10,2018,900,,,,,,,,,,,,,,,,,
18T145,7067,839,41,43,75059,2,510,202,26.9,2018,44.61237,-122.341,8,20,2018,2100,,2017,,,,,n,42,scan,yes,central_or_cascades,0.2,y,n,"too small to xdate, not enough curvature in rings to estimate dtp",,
18T146,6883,966,41,43,77288,3,340,202,51.2,2018,44.56132,-122.471,7,3,2018,3900,,2017,,,,,n,219,scan,y,,,,,not enough curvature in rings to estimate dtp,,
18T147,6134,173,41,43,81185,2,323,202,21.1,2018,44.25161,-122.58,5,31,2018,3300,,2017,1,9.9,y,237.81544,n,36,scan,y,central_or_cascades,0.37,y,n,,,
18T148,7156,57,41,43,81526,3,528,202,6.8,2018,44.61721,-122.47,6,20,2018,3500,,2017,,,,,y,23,scan,too small to xdate,,,,,,,
18T149,7335,461,41,43,87134,4,313,202,33.1,2018,44.71283,-122.474,7,19,2018,2100,,2017,,,,,n,73,scan,y,,,,,not enough curvature in rings to estimate dtp,,
18T150,6235,445,41,43,91653,1,505,202,38.5,2018,44.27691,-122.146,9,11,2018,4100,,2018,,,,,n,207,skippy,revisit,,,,,,,
18T151,6233,765,41,43,92581,2,350,202,47.6,2018,44.27795,-122.282,8,28,2018,4300,,2017,,,,,n,378,skippy,"good, but not 100%",,,,,not enough curvature in rings to estimate dtp,,
18T152,6041,155,41,43,97728,1,311,202,5.1,2018,44.22113,-122.406,7,17,2018,3300,,,,,,,,,,,,,,,,,
19T198,6323,456,41,43,51435,1,501,202,42.8,2019,44.3232,-122.746,8,8,2019,900,,2018,,,,,n,55,scan,y,central_or_cascades,0.31,y,n,not enough curvature in rings to estimate dtp,,
19T199,6230,232,41,43,66824,3,540,202,10.4,2019,44.28881,-122.565,7,30,2019,2700,,,,,,,,,,,,,,,,,
19T200,6701,752,41,43,67169,1,514,202,7,2019,44.37113,-122.688,7,2,2019,2100,,,,,,,,,,,,,,,,,
19T201,7246,289,41,43,82831,1,508,202,22.5,2019,44.66135,-122.473,6,4,2019,2100,,2018,,,,,n,48,scan,y,,,,,2016 is very small,,
19T202,6423,895,41,43,86053,1,513,202,5,2019,44.36728,-122.406,6,26,2019,2500,,,,,,,,,,,,,,,,,
19T203,6793,422,41,43,87203,3,522,202,22.1,2019,44.51038,-122.401,6,6,2019,2500,,2018,,,,,y,47,scan,y,,,,,,,
19T204,7340,798,41,43,88315,4,508,202,16.3,2019,44.71587,-122.128,7,8,2019,2100,,2018,,,,,y,80,scan,y,,,,,low but correct,,
19T205,6603,735,41,43,91041,2,513,202,11.5,2019,44.41505,-122.933,7,1,2019,1300,,,,,,,,,,,,,,,,,
20T103,7427,789,41,43,55177,4,344,202,14.4,2020,44.75698,-122.616,7,7,2020,1300,,,,,,,,,,,,,,,,,
20T105,6419,433,41,43,58695,1,100,202,31.2,2020,44.46801,-122.613,10,22,2020,1100,,2020,,,,,n,56,scan,y,central_or_cascades,0.32,y,n,not enough curvature in rings to estimate dtp,,
20T106,6978,297,41,43,61335,1,4,202,41.2,2020,44.5691,-122.068,8,10,2020,3700,,2019,,,,,n,302,skippy,y,,,,,not enough curvature in rings to estimate dtp,,
20T107,6971,865,41,43,68961,2,137,202,14,2020,44.58192,-122.577,7,9,2020,1500,,,,,,,,,,,,,,,,,
20T108,6612,880,41,43,71102,2,105,202,10.3,2020,44.46606,-122.197,10,5,2020,4300,,,,,,,,,,,,,,,,,
20T109,6234,723,41,43,71487,3,8,202,17.7,2020,44.27049,-122.208,7,15,2020,2100,,2019,,,,,y,47,,y,,,,,,,
20T110,7164,891,41,43,81006,1,10,202,38.5,2020,44.61792,-121.928,8,5,2020,3100,,2019,,,,,n,114,scan,revisit,,,,,,,
20T111,6517,462,41,43,86772,4,10,202,41.6,2020,44.39646,-122.376,7,22,2020,1500,,2019,,,,,n,121,skippy,y,,,,,"not enough curvature in rings to estimate dtp, potenitally 2 missing rings post 1990. dates well pre-1990",,
20T112,6614,808,41,43,94176,2,22,202,33.9,2020,44.41881,-122.066,9,3,2020,4700,,2020,,,,,n,163,skippy,y,,,,,"distorted center, cannot estimate pith (more rings to pith)",,
21T172,6424,549,41,43,54310,1,108,202,48.9,2021,44.38014,-122.347,7,13,2021,3700,,,,,,,,,,,,,,,,,
21T173,6889,748,41,43,54379,2,2,202,15.1,2021,44.544603,-122.029,6,14,2021,3900,,,,,,,,,,,,,,,,,
21T174,6420,893,41,43,55075,1,102,202,13,2021,44.36579,-122.622,4,14,2021,900,,2020,,,,,y,27,scan,yes,central_or_cascades,0.32,y,n,too small to xdate,,
21T175,6796,544,41,43,60220,1,102,202,11.7,2021,44.46673,-122.204,8,24,2021,4100,,,,,,,,,,,,,,,,,
21T176,6607,756,41,43,61446,1,132,202,10.2,2021,44.411686,-122.532,10,19,2021,1300,,,,,,,,,,,,,,,,,
21T177,6522,136,41,43,63970,3,125,202,51.1,2021,44.36563,-121.998,6,2,2021,3300,,2020,,,,,n,121,scan,y,central_or_cascades,0.58,y,n,not enough curvature in rings to estimate dtp,,
21T178,7065,484,41,43,73863,3,117,202,16.7,2021,44.61738,-122.549,5,5,2021,3100,,2020,,,,,y,43,scan,n,central_or_cascades,-0.05,n,y,revisit,,
21T179,6331,715,41,43,77079,2,133,202,5.3,2021,44.32329,-122.139,7,1,2021,3900,,,,,,,,,,,,,,,,,
21T180,7336,424,41,43,88878,3,139,202,32,2021,44.718571,-122.407,9,13,2021,2300,,2021,,,,,n,67,scan,yes,central_or_cascades,0.52,y,n,not enough curvature in rings to estimate dtp,,
21T181,6042,930,41,43,90939,2,10,202,37.9,2021,44.222961,-122.349,9,13,2021,3900,,2021,,,,,n,457,skippy,y,central_or_cascades,0.39,y,n,"a few missing rings in 1990s and 2000s, not enough curvature in rings to estimate dtp",,
21T182,6789,232,41,43,92815,2,140,202,36.6,2021,44.50797,-122.688,4,7,2021,1500,,,,,,,,,,,,,,,,,
18T153,8723,188,41,47,63087,2,307,202,32.7,2018,45.25349,-122.825,4,25,2018,100,,2017,,,,,n,65,skippy,y,or116,0.18,y,n,"low but likely correct, not enough curvature in rings to estimate dtp, image is not correctly stitched at the end, cannot estimate to pith",,
18T154,7431,541,41,47,80938,2,316,202,34.8,2018,44.76405,-122.33,4,24,2018,1500,,,,,,,,,,,,,,,,,
18T155,7431,541,41,47,80938,2,316,202,34.8,2018,44.76405,-122.33,4,24,2018,1500,,,,,,,,,,,,,,,,,
18T156,7795,702,41,47,95874,3,2,202,20.4,2018,44.91115,-122.676,10,24,2018,1100,,,,,,,,,,,,,,,,,
19T206,7805,539,41,47,51004,2,515,202,50.1,2019,44.87594,-121.829,9,18,2019,3900,,2019,,,,,n,273,skippy,y,,,,,not enough curvature in rings to estimate dtp,,
19T207,7613,110,41,47,70361,1,505,202,13.4,2019,44.82185,-122.313,10,17,2019,3700,,,,,,,,,,,,,,,,,
19T208,7618,213,41,47,80727,4,545,202,11.6,2019,44.81569,-121.998,7,9,2019,3700,,,,,,,,,,,,,,,,,
19T209,8251,52,41,47,81249,1,500,202,57.5,2019,45.06144,-123.033,10,8,2019,100,,2019,,,,,n,69,scan,y,central_or_cascades,0.38,y,n,"low but liekly correct, not enough curvature in rings to estimate dtp",,
20T113,7528,893,41,47,57593,1,3,202,20.2,2020,44.81566,-121.92,8,12,2020,4100,,,,,,,,,,,,,,,,,
20T114,7433,441,41,47,74645,3,4,202,39.7,2020,44.74441,-122.091,8,3,2020,3700,,,,,,,,,,,,,,,,,
20T115,7703,808,41,47,89141,2,124,202,9.7,2020,44.86588,-122.542,8,19,2020,2700,,,,,,,,,,,,,,,,,
21T183,7887,168,41,47,59472,2,142,202,5,2021,44.954393,-122.615,6,7,2021,1100,,,,,,,,,,,,,,,,,
19T210,8298,102,41,49,77188,4,106,202,14,2019,45.01013,-119.416,10,7,2019,3300,,2018,5,17,y,126.72514,n,104,skippy,y,central_or_cascades,0.23,y,n,,,
19T211,8865,978,41,49,84115,4,528,202,9.5,2019,45.25194,-119.173,6,6,2019,4300,,2018,3,7.8,y,95.61145,n,84,skippy,,central_or_cascades,0.34,y,n,"branch, cannot count rings to center",,
21T184,8294,51,41,49,70336,4,4,202,7.5,2021,45.022113,-119.726,5,11,2021,4100,,,,,,,,,,,,,,,,,
18T157,9916,130,41,51,56403,1,313,202,8.7,2018,45.69877,-122.893,4,23,2018,900,,,,,,,,,,,,,,,,,
20T116,9486,778,41,51,87395,2,1,202,37.8,2020,45.54368,-122.238,10,29,2020,100,,2020,,,,,n,74,scan,,,,,,not enough curvature in rings to estimate dtp,,
21T185,9392,176,41,51,56617,3,132,202,15.6,2021,45.49389,-122.191,5,18,2021,1500,,,,,,,,,,,,,,,,,
21T186,9394,666,41,51,65251,1,111,202,23.5,2021,45.484083,-122.022,9,15,2021,2300,,2021,3,36.7,,,n,103,scan,y,,,,,,,
18T158,7504,921,41,53,60966,1,310,202,33.4,2018,44.81032,-123.721,6,6,2018,900,,,,,,,,,,,,,,,,,
18T159,8060,576,41,53,87823,3,317,202,18,2018,45.00635,-123.38,4,18,2018,500,,2017,,,,,n,46,scan,revisit,,,,,"rings distorted at the end, cannot see pith",,
19T212,7784,641,41,53,52394,2,526,202,14.6,2019,44.91024,-123.512,7,23,2019,1300,,,,,,,,,,,,,,,,,
19T213,7689,948,41,53,68915,4,510,202,13.2,2019,44.85461,-123.687,4,30,2019,1700,,,,,,,,,,,,,,,,,
19T214,8057,297,41,53,78535,3,526,202,14.4,2019,45.00615,-123.724,5,13,2019,1700,,2018,1,12.1,y,135.84237,n,42,scan,yes,or116,0.29,y,n,,,
19T215,8244,903,41,53,88787,2,508,202,12,2019,45.04958,-123.587,5,2,2019,300,,,,,,,,,,,,,,,,,
20T117,7964,98,41,53,70806,4,8,202,12,2020,44.96346,-123.661,9,30,2020,2300,,,,,,,,,,,,,,,,,
20T118,7507,390,41,53,94919,1,130,202,7.5,2020,44.78018,-123.467,7,6,2020,700,,,,,,,,,,,,,,,,,
20T119,7595,867,41,53,97304,1,102,202,20.1,2020,44.80852,-123.647,9,17,2020,1300,,2020,,,,,n,32,scan,,,,,,not enough curvature in rings to estimate dtp,,
21T187,8058,689,41,53,63358,3,1,202,13.8,2021,45.007636,-123.657,5,27,2021,1500,,,,,,,,,,,,,,,,,
21T188,7416,927,41,53,66333,2,108,202,16.4,2021,44.758018,-123.437,6,2,2021,500,,2020,,,,,n,23,scan,,,,,,not enough curvature in rings to estimate dtp,,
21T189,7412,830,41,53,76779,3,125,202,15.6,2021,44.763311,-123.716,10,28,2021,1500,,,,,,,,,,,,,,,,,
18T160,9744,659,41,57,50739,4,106,202,14.6,2018,45.64491,-123.598,5,21,2018,1500,,,,,,,,,,,,,,,,,
18T161,8337,650,41,57,57417,3,314,202,22,2018,45.10012,-123.794,6,21,2018,500,,,,,,,,,,,,,,,,,
18T162,9657,169,41,57,74202,1,312,202,30.1,2018,45.60033,-123.382,3,28,2018,1900,,2017,,,,,n,52,scan,y,or116,0.39,y,n,not enough curvature in rings to estimate dtp,,
18T163,9279,767,41,57,74871,4,315,202,28.2,2018,45.47498,-123.508,7,23,2018,1700,,2017,1,18.8,y,295.87031,n,44,scan,,,,,,,,
18T164,8712,552,41,57,81111,1,316,202,32.6,2018,45.25563,-123.651,6,20,2018,700,,2017,,,,,n,83,scan,y,or116,0.2,y,n,not enough curvature in rings to estimate dtp,,
18T165,8239,565,41,57,82822,2,334,202,40.8,2018,45.06165,-123.936,6,18,2018,900,,2017,,,,,n,112,scan,y,or116,0.22,y,n,not enough curvature in rings to estimate dtp,,
18T166,9980,898,41,57,87998,3,316,202,17,2018,45.749078,-123.730055,5,1,2018,1300,,,,,,,,,,,,,,,,,
18T167,9374,688,41,57,92780,4,326,202,11.5,2018,45.49333,-123.53,5,31,2018,2100,,,,,,,,,,,,,,,,,
19T216,9829,579,41,57,79227,2,538,202,19.2,2019,45.70095,-123.527,6,26,2019,2300,,,,,,,,,,,,,,,,,
19T217,9905,524,41,57,99921,1,514,202,17,2019,45.69408,-123.667,4,10,2019,1100,,,,,,,,,,,,,,,,,
20T120,9653,228,41,57,52280,2,112,202,19.7,2020,45.59975,-123.66,11,2,2020,1700,,,,,,,,,,,,,,,,,
20T121,8240,831,41,57,57195,2,212,202,5.4,2020,45.05508,-123.861,8,24,2020,1300,,,,,,,,,,,,,,,,,
20T122,9746,921,41,57,73524,4,169,202,16.9,2020,45.65121,-123.46,8,31,2020,2700,,2020,1,10.1,y,201.40507,n,64,scan,"low but likely correct, ",or_centralcascades,0.2,n,y,,,
20T123,8805,371,41,57,78849,2,7,202,15.8,2020,45.31227,-123.723,6,16,2020,500,,,,,,,,,,,,,,,,,
20T124,8713,70,41,57,95984,3,3,202,60.4,2020,45.26233,-123.59,6,18,2020,700,,,,,,,,,,,,,,,,,
20T125,9983,861,41,57,99667,4,120,202,20.4,2020,45.74848,-123.535,8,31,2020,2900,,,,,,,,,,,,,,,,,
21T190,9906,503,41,57,52269,1,108,202,20.7,2021,45.698895,-123.594,4,27,2021,2300,,,,,,,,,,,,,,,,,
21T191,8619,267,41,57,71028,4,108,202,46.3,2021,45.236382,-123.535,4,26,2021,2100,,2020,,,,,n,87,scan,,,,,,not enough curvature in rings to estimate dtp,,
21T192,9371,221,41,57,77773,4,152,202,32.2,2021,45.499891,-123.733,10,19,2021,1100,,2021,,,,,,,scan,,,,,,revisit,,
19T218,10266,779,41,59,86870,2,507,202,20.7,2019,45.79329,-118.189,7,10,2019,3900,,,,,,,,,,,,,,,,,
19T219,10266,164,41,59,86870,2,530,202,6.7,2019,45.79329,-118.189,7,10,2019,3900,,,,,,,,,,,,,,,,,
20T126,10022,716,41,59,83498,1,17,202,30.2,2020,45.64968,-118.117,9,24,2020,4500,,2020,8,28.4,y,286.97767,n,114,scan,,id029,0.33,y,n,good,,
20T127,8678,172,41,59,84857,4,149,202,13,2020,45.01015,-118.807,8,5,2020,3900,,,,,,,,,,,,,,,,,
21T193,10267,258,41,59,67821,3,161,202,27.1,2021,45.79619,-118.115,7,15,2021,5100,,2020,1,4.2,y,261.85283,n,199,scan,,id039,0.27,n,y,good,,
21T194,8492,538,41,59,74827,4,141,202,16.6,2021,45.10121,-119.072,5,4,2021,4500,,2020,3,10.2,y,214.01314,n,104,scan,y,id039,0.27,y,n,,,
19T220,8684,5,41,61,67541,3,518,202,14.4,2019,45.11919,-118.446,7,17,2019,4900,,2018,,,,,y,61,scan,y,id039,0.32,y,n,,,
19T221,8595,615,41,61,94128,4,572,202,12.8,2019,45.06898,-118.308,7,18,2019,4900,,,3,6.7,,,n,80,scan,dates better to 2017,,,,,,,
20T128,8876,400,41,61,52417,1,3,202,26.7,2020,45.15947,-118.09,8,25,2020,5300,,2020,,,,,y,202,skippy,yes,id039,0.36,y,n,"hard to estimate years to pith, veryhard to visualzie rings",,
20T129,8696,123,41,61,56114,4,21,202,27.5,2020,45.0562,-117.575,7,16,2020,5300,,2019,,,,,n,126,skippy,y,id039,0.28,y,n,not enough curvature in rings to estimate dtp,,
20T130,8312,719,41,61,90234,4,3,202,30.1,2020,44.99423,-118.419,9,22,2020,6100,,,,,,,,295,scan,"reimage, neds to be skippy",,,,,,,
21T195,9249,248,41,61,74426,4,137,202,5.8,2021,45.32688,-118.634,7,13,2021,4900,,2021,1,1.9,y,68.1355,n,23,scan,y,id039,0.54,y,n,too small to crossdate ,,
21T196,8975,721,41,61,79413,3,142,202,8.2,2021,45.16917,-117.731,6,7,2021,3900,,2020,1,5.2,y,91.05053,n,31,scan,y,id029,0.37,y,n,too small to xdate,,
21T197,9958,442,41,61,82222,1,110,202,21.2,2021,45.59295,-117.937,9,21,2021,3100,,2021,5,15.4,y,243.713,n,72,scan,y,id039,0.5,y,n,really good sample,,
21T198,9441,379,41,61,96250,2,108,202,18,2021,45.4071,-118.284,5,12,2021,3700,,2020,7,7.9,y,201.72892,n,117,scan,y,id039,0.21,y,n,,,
21T199,10274,287,41,63,59287,4,119,202,24.2,2021,45.75261,-117.596,6,17,2021,4300,"first few rings not visible, date to 2019",2019,4,17.7,,,n,93,scan,no,,,,,,,
21T200,10216,231,41,63,93746,3,168,202,6.4,2021,45.70761,-117.67,6,16,2021,3900,,,,,,,,,,,,,,,,,
18T168,8367,350,41,65,54334,1,301,202,9.4,2018,44.95385,-121.725,7,31,2018,3300,,,,,,,,,,,,,,,,,
18T169,8270,797,41,65,70094,4,114,202,15.4,2018,45.0564,-121.649,8,7,2018,4900,,2017,9,43.7,y,170.33875,n,77,scan,y,,,,,"weird distortion 1965-1967, low but correc",,
18T170,8646,788,41,65,72419,2,325,202,26.4,2018,45.20336,-121.438,8,16,2018,2500,,,,,,,,,,,,,,,,,
18T171,8089,753,41,65,90672,3,311,202,25.9,2018,44.97896,-121.186,8,9,2018,2500,,,,,,,,,,,,,,,,,
19T222,8273,298,41,65,63615,2,510,202,16.8,2019,45.04376,-121.327,8,27,2019,3500,,2019,,,,,y,92,scan,y,,,,,1977 very narrow ring,,
19T223,7901,964,41,65,67968,2,523,202,11,2019,44.95656,-121.573,8,28,2019,2900,,,,,,,,,,,,,,,,,
19T224,7715,24,41,65,77545,3,569,202,11.6,2019,44.85929,-121.646,9,11,2019,3500,,2019,,,,,n,93,scan,,,,,,not enough curvature in rings to estimate dtp,,
19T225,8174,911,41,65,78223,1,513,202,7.7,2019,45.00745,-121.688,9,10,2019,3300,,,,,,,,,,,,,,,,,
19T226,9497,624,41,65,81415,2,510,202,7.1,2019,45.53992,-121.418,10,2,2019,2700,,,,,,,,,,,,,,,,,
19T227,9119,702,41,65,84173,4,528,202,19.8,2019,45.369,-121.386,6,3,2019,3500,,2018,,,,,y,103,scan,y,,,,,1977 very narrow ring,,
20T131,8644,268,41,65,74572,4,17,202,13.2,2020,45.1992,-121.568,7,28,2020,3900,,2019,9,36.6,y,131.94242,n,88,scan,y,,,,,"low but correct, very suppressed growth in the 1990s but it doesn't appear to have missing rings",,
21T201,7716,28,41,65,62905,2,109,202,21.9,2021,45.107433,-121.365,8,31,2021,3500,,2020,,,,,n,62,scan,y,id029,0.33,y,n,not enough curvature in rings to estimate dtp,,
21T202,8175,386,41,65,66713,4,161,202,28.5,2021,45.021596,-121.603109,9,27,2021,3700,,2021,2,10.3,y,244.72462,n,103,scan,y,,,,,,,
21T203,8550,667,41,65,71959,4,144,202,17.5,2021,45.207148,-121.641,8,16,2021,3900,sample broken,2021,,,,,,,scan,,,,,,"sample broken, cannot crossdate past year 70, 79 total rings counted",,
21T204,8458,678,41,65,77796,4,4,202,12,2021,45.153795,-121.63703,8,10,2021,3300,,,,,,,,,,,,,,,,,
18T172,9281,478,41,67,62988,1,313,202,5.6,2018,45.45192,-123.31,4,19,2018,1300,,,,,,,,,,,,,,,,,
18T173,9379,937,41,67,80456,2,314,202,13.3,2018,45.50455,-123.169,10,4,2018,500,,,,,,,,,,,,,,,,,
19T228,9984,981,41,67,92598,4,516,202,36.5,2019,45.73816,-123.347,4,4,2019,1300,,2018,,,,,n,71,scan,y,central_or_cascades,0.44,y,n,not enough curvature in rings to estimate dtp,,
20T132,9472,22,41,67,79457,1,120,202,11.7,2020,45.542185,-123.28,6,1,2020,1500,,,,,,,,,,,,,,,,,
21T205,9985,601,41,67,52612,1,101,202,46.4,2021,45.745945,-123.323,4,1,2021,900,,2020,,,,,n,53,scan,y,central_or_cascades,0.34,y,n,not enough curvature in rings to estimate dtp,,
21T206,9474,254,41,67,67647,2,507,202,21.1,2021,45.553172,-123.162,9,20,2021,500,,2021,1,2.6,y,247.438,n,39,scan,,,,,,revisit,,
21T207,9753,802,41,67,75551,1,116,202,10.5,2021,45.648107,-122.967,11,16,2021,900,,,,,,,,,,,,,,,,,
21T208,9913,980,41,67,92741,2,139,202,NA,2021,45.693468,-123.100371,11,8,2021,1500,,,,,,,,,,,,,,,,,
17T36,7278,983,41,69,98156,2,316,202,11.7,2017,44.67589,-119.98,6,19,2017,4700,,,,,,,,60,scan,,,,,,,,
20T133,8106,668,41,69,69622,1,1,202,17.3,2020,44.93916,-119.933,7,22,2020,4300,,2019,,,,,,73,scan,,,,,,,,
20T134,8293,425,41,69,83438,1,10,202,6.2,2020,45.02915,-119.82,7,21,2020,4100,,,,,,,,,,,,,,,,,
21T209,6550,910,41,69,83132,4,117,202,14.1,2021,44.333149,-119.813,10,6,2021,5100,,,,,,,,,,,,,,,,,
18T174,8339,426,41,71,52362,1,311,202,6.2,2018,45.155531,-123.438233,4,17,2018,900,,,,,,,,,,,,,,,,,
19T229,8618,835,41,71,58692,4,533,202,12.2,2019,45.19266,-123.603,10,28,2019,1100,,2019,,,,,y,33,scan,y,central_or_cascades,0.29,y,n,too small to xdate,,
19T230,8620,372,41,71,64901,1,512,202,5.8,2019,45.19883,-123.442,5,20,2019,1500,,,,,,,,,,,,,,,,,
19T231,8434,635,41,71,87064,1,133,202,12.4,2019,45.15117,-123.521,10,9,2019,900,,,,,,,,,,,,,,,,,
19T232,8624,249,41,71,90086,2,306,202,49.9,2019,45.22022,-123.141,10,15,2019,100,,2019,,,,,n,48,scan,y,central_or_cascades,0.34,y,n,not enough curvature in rings to estimate dtp,,
19T233,9186,402,41,71,93977,2,532,202,9.1,2019,45.40683,-123.308,5,23,2019,1300,,,,,,,,,,,,,,,,,
20T135,8529,536,41,71,74244,1,5,202,5.4,2020,45.14761,-123.381,11,16,2020,500,,,,,,,,,,,,,,,,,
20T136,8431,922,41,71,87675,4,143,202,16.9,2020,45.128592,-123.713,6,3,2020,900,,2019,1,7,y,196.86639,n,32,scan,n,central_or_cascades,-0.02,n,y,too small to sdate,,
21T210,8998,870,41,71,54895,2,105,202,11.9,2021,45.097579,-123.733,6,8,2021,1500,,2020,1,13.9,y,122.19517,n,27,scan,n,central_or_cascades,0.29,y,n,too small to xdate,,
21T211,8901,3,41,71,70330,1,136,202,9.6,2021,45.322474,-123.401,6,21,2021,1700,,,,,,,,,,,,,,,,,
21T212,8525,723,41,71,72313,4,139,202,36,2021,45.181552,-123.7,4,21,2021,1500,,2020,,,,,n,106,scan,y,central_or_cascades,0.34,y,n,not enough curvature in rings to estimate dtp,,